model,c0,c1
alexnet,6.972749516,1.471062421
dcgan,6.990966905,0.057011193
resnet18,20.67147604,2.250438258
squeezenet,16.39580786,1.286922788
vgg16,129.9151224,2.412419929
