theoretical_occupancy,avg_duration,SM_util,mem_util,constant
0.004233704,0.738728186,0.004787295,4.37E-54,-0.014445125
0.013333288,0.766447751,3.25E-54,4.21E-49,-1.216027862
